{
  "name": "Controle de Entregas",
  "version": 2,
  "public": true,
  "buildCommand": "echo 'Site estático - sem build necessário'",
  "outputDirectory": ".",
  "env": {},
  "headers": [
    {
      "source": "/index.html",
      "headers": [
        {
          "key": "Cache-Control",
          "value": "public, max-age=3600, must-revalidate"
        }
      ]
    },
    {
      "source": "/(.*)",
      "headers": [
        {
          "key": "X-Content-Type-Options",
          "value": "nosniff"
        },
        {
          "key": "X-Frame-Options",
          "value": "SAMEORIGIN"
        },
        {
          "key": "X-XSS-Protection",
          "value": "1; mode=block"
        },
        {
          "key": "Referrer-Policy",
          "value": "strict-origin-when-cross-origin"
        }
      ]
    },
    {
      "source": "/(?!index\\.html)(.*\\.(js|css|svg|jpg|jpeg|png|gif|ico|woff|woff2|ttf|eot))",
      "headers": [
        {
          "key": "Cache-Control",
          "value": "public, max-age=31536000, immutable"
        }
      ]
    }
  ],
  "rewrites": [
    {
      "source": "/(.*)",
      "destination": "/index.html"
    }
  ]
}
